<?xml version="1.0" encoding="utf-8"?>
<beans xmlns="http://www.springframework.org/schema/beans"
	xmlns:xsi="http://www.w3.org/2001/XMLSchema-instance" xmlns:tx="http://www.springframework.org/schema/tx"
	xmlns:aop="http://www.springframework.org/schema/aop" xmlns:context="http://www.springframework.org/schema/context"
	xmlns:util="http://www.springframework.org/schema/util"
	xsi:schemaLocation="http://www.springframework.org/schema/beans
                      http://www.springframework.org/schema/beans/spring-beans-3.0.xsd
                      http://www.springframework.org/schema/context
                      http://www.springframework.org/schema/context/spring-context-3.0.xsd
                      http://www.springframework.org/schema/util 
                      http://www.springframework.org/schema/util/spring-util-3.0.xsd
                      http://www.springframework.org/schema/tx
                      http://www.springframework.org/schema/tx/spring-tx-3.0.xsd
                      http://www.springframework.org/schema/aop
                      http://www.springframework.org/schema/aop/spring-aop-3.0.xsd">

	<!-- <bean id="propertyConfigurer" -->
	<!-- class="org.springframework.beans.factory.config.PropertyPlaceholderConfigurer"> -->
	<!-- <property name="location" -->
	<!-- value="classpath:EQMSConfig-${uprr.implementation.environment}.properties" 
		/> -->
	<!-- </bean> -->

	<bean id="eqmsDataSource" class="com.mchange.v2.c3p0.ComboPooledDataSource"
		destroy-method="close">
		<property name="driverClass">
			<value>${EQMS_ORACLE_DRIVER}</value>
		</property>
		<property name="jdbcUrl">
			<value>${EQMS_DATBASE_URL}</value>
		</property>
		<property name="user">
			<value>${LIC_USERNAME}</value>
		</property>
		<property name="password">
			<value>${LIC_PASSWORD}</value>
		</property>
		<property name="acquireIncrement" value="1" />
		<property name="initialPoolSize" value="1" />
		<property name="maxPoolSize" value="15" />
		<property name="minPoolSize" value="1" />
		<property name="idleConnectionTestPeriod" value="10800" />
		<property name="maxIdleTime" value="21600" />
	</bean>

	<bean id="externalDataSource"
		class="org.springframework.jdbc.datasource.DriverManagerDataSource">
		<property name="url">
			<value>${TERADATABASE_URL}</value>
		</property>
		<property name="username">
			<value>${TERADATABASE_USERNAME}</value>
		</property>
		<property name="password">
			<value>${TERADATABASE_PASSWORD}</value>
		</property>
		<property name="driverClassName">
			<value>${TERADATABASE_ORACLE_DRIVER}</value>
		</property>
	</bean>

	<!-- <bean id="nmsDataSource" class="com.mchange.v2.c3p0.ComboPooledDataSource" 
		destroy-method="close"> <property name="driverClass"> <value>${EQMS_ORACLE_DRIVER}</value> 
		</property> <property name="jdbcUrl"> <value>${NMS_URL}</value> </property> 
		<property name="user"> <value>${NMS_USERNAME}</value> </property> <property 
		name="password"> <value>${NMS_PASSWORD}</value> </property> <property name="acquireIncrement" 
		value="1" /> <property name="initialPoolSize" value="1" /> <property name="maxPoolSize" 
		value="10" /> <property name="minPoolSize" value="1" /> <property name="idleConnectionTestPeriod" 
		value="10800"/> <property name="maxIdleTime" value="21600"/> </bean> -->

	<!-- <bean id="onbDataSource" class="com.mchange.v2.c3p0.ComboPooledDataSource" 
		destroy-method="close"> <property name="driverClass"> <value>${EQMS_ORACLE_DRIVER}</value> 
		</property> <property name="jdbcUrl"> <value>${ONB_URL}</value> </property> 
		<property name="user"> <value>${ONB_USERNAME}</value> </property> <property 
		name="password"> <value>${ONB_PASSWORD}</value> </property> <property name="acquireIncrement" 
		value="1" /> <property name="initialPoolSize" value="1" /> <property name="maxPoolSize" 
		value="10" /> <property name="minPoolSize" value="1" /> </bean> -->
	<!--Added for new Data Source DST026 for Report Use -->
	<bean id="reportDataSource" class="com.mchange.v2.c3p0.ComboPooledDataSource"
		destroy-method="close">
		<property name="driverClass">
			<value>${EQMS_ORACLE_DRIVER}</value>
		</property>
		<property name="jdbcUrl">
			<value>${REPORT_DATBASE_URL}</value>
		</property>
		<property name="user">
			<value>${REPORT_USERNAME}</value>
		</property>
		<property name="password">
			<value>${REPORT_PASSWORD}</value>
		</property>
		<property name="acquireIncrement" value="1" />
		<property name="initialPoolSize" value="1" />
		<property name="maxPoolSize" value="5" />
		<property name="minPoolSize" value="1" />
	</bean>

	<bean id="aotDataSource" class="com.mchange.v2.c3p0.ComboPooledDataSource"
		destroy-method="close">
		<property name="driverClass">
			<value>${AOT_ORACLE_DRIVER}</value>
		</property>
		<property name="jdbcUrl">
			<value>${AOT_DATBASE_URL}</value>
		</property>
		<property name="user">
			<value>${AOT_USERNAME}</value>
		</property>
		<property name="password">
			<value>${AOT_PASSWORD}</value>
		</property>
		<property name="acquireIncrement" value="1" />
		<property name="initialPoolSize" value="1" />
		<property name="maxPoolSize" value="5" />
		<property name="minPoolSize" value="1" />
	</bean>

	<!-- <bean id="eqmsTeyDataSource" class="com.mchange.v2.c3p0.ComboPooledDataSource" 
		destroy-method="close"> <property name="driverClass"> <value>${EQMS_ORACLE_DRIVER}</value> 
		</property> <property name="jdbcUrl"> <value>${EQMS_DATBASE_URL_TEY}</value> 
		</property> <property name="user"> <value>${EQMS_USERNAME}</value> </property> 
		<property name="password"> <value>${EQMS_PASSWORD_TEY}</value> </property> 
		</bean> <bean id="aotDataSource" class="com.mchange.v2.c3p0.ComboPooledDataSource" 
		destroy-method="close"> <property name="driverClass"> <value>${AOT_ORACLE_DRIVER}</value> 
		</property> <property name="jdbcUrl"> <value>${AOT_DATBASE_URL}</value> </property> 
		<property name="user"> <value>${AOT_USERNAME}</value> </property> <property 
		name="password"> <value>${AOT_PASSWORD}</value> </property> <property name="acquireIncrement" 
		value="1" /> <property name="initialPoolSize" value="1" /> <property name="maxPoolSize" 
		value="5" /> <property name="minPoolSize" value="1" /> </bean> -->
	<!-- QC#1410 START - Changes for portal DB connection -->
	<bean id="portalDataSource" class="com.mchange.v2.c3p0.ComboPooledDataSource"
		destroy-method="close">
		<property name="driverClass">
			<value>${PORTAL_ORACLE_DRIVER}</value>
		</property>
		<property name="jdbcUrl">
			<value>${PORTAL_DATBASE_URL}</value>
		</property>
		<property name="user">
			<value>${PORTAL_USERNAME}</value>
		</property>
		<property name="password">
			<value>${PORTAL_PASSWORD}</value>
		</property>
		<property name="acquireIncrement" value="1" />
		<property name="initialPoolSize" value="1" />
		<property name="maxPoolSize" value="5" />
		<property name="minPoolSize" value="1" />
	</bean>
	<!-- QC#1410 END - Changes for portal DB connection -->
	<!-- Start: Added For QC#4084 -->
	<bean id="mvrAppDataSource" class="com.mchange.v2.c3p0.ComboPooledDataSource"
		destroy-method="close">
		<property name="driverClass">
			<value>${EQMS_ORACLE_DRIVER}</value>
		</property>
		<property name="jdbcUrl">
			<value>${MVR_DATBASE_URL}</value>
		</property>
		<property name="user">
			<value>${MVR_USERNAME}</value>
		</property>
		<property name="password">
			<value>${MVR_PASSWORD}</value>
		</property>
		<property name="acquireIncrement" value="1" />
		<property name="initialPoolSize" value="1" />
		<property name="maxPoolSize" value="5" />
		<property name="minPoolSize" value="1" />
	</bean>
	<!-- End : Added For QC#4084 -->
	<!--Start: Added for SS_QC#9049 -->
	<bean id="ftxTeyDataSource"
		class="com.mchange.v2.c3p0.ComboPooledDataSource" destroy-method="close">
		<property name="driverClass">
			<value>${FTX_TEY_ORACLE_DRIVER}</value>
		</property>
		<property name="jdbcUrl">
			<value>${FTX_TEY_DATABASE_URL}</value>
		</property>
		<property name="user">
			<value>${FTX_TEY_USERNAME}</value>
		</property>
		<property name="password">
			<value>${FTX_TEY_PASSWORD}</value>
		</property>
		<property name="acquireIncrement" value="1" />
		<property name="initialPoolSize" value="1" />
		<property name="maxPoolSize" value="5" /> 
		<property name="minPoolSize" value="1" />
	</bean>
	<!--End: Added for SS_QC#9049 -->
	
</beans>
