<?xml version="1.0" encoding="utf-8"?>
<beans xmlns="http://www.springframework.org/schema/beans"
	xmlns:xsi="http://www.w3.org/2001/XMLSchema-instance" xmlns:tx="http://www.springframework.org/schema/tx"
	xmlns:aop="http://www.springframework.org/schema/aop" xmlns:context="http://www.springframework.org/schema/context"
	xmlns:util="http://www.springframework.org/schema/util"
	xsi:schemaLocation="http://www.springframework.org/schema/beans
                      http://www.springframework.org/schema/beans/spring-beans-4.3.xsd
                      http://www.springframework.org/schema/context
                      http://www.springframework.org/schema/context/spring-context-4.3.xsd
                      http://www.springframework.org/schema/util 
                      http://www.springframework.org/schema/util/spring-util-4.3.xsd
                      http://www.springframework.org/schema/tx
                      http://www.springframework.org/schema/tx/spring-tx-4.3.xsd
                      http://www.springframework.org/schema/aop
                      http://www.springframework.org/schema/aop/spring-aop-4.3.xsd">

	<bean id="externalJdbcTemplate" class="org.springframework.jdbc.core.JdbcTemplate">
		<property name="dataSource" ref="externalDataSource" />
	</bean>

	<bean id="eqmJdbcTemplate" class="org.springframework.jdbc.core.JdbcTemplate">
		<qualifier value="eqmJdbcTemplate" />
		<property name="dataSource" ref="eqmsDataSource" />
	</bean>

	<!-- <bean id="nmsJdbcTemplate" class="org.springframework.jdbc.core.JdbcTemplate"> 
		<property name="dataSource" ref="nmsDataSource" /> </bean> -->

	<!-- <bean id="onbJdbcTemplate" class="org.springframework.jdbc.core.JdbcTemplate"> 
		<property name="dataSource" ref="onbDataSource" /> </bean> <bean id="aotJdbcTemplate" 
		class="org.springframework.jdbc.core.JdbcTemplate"> <qualifier value="aotJdbcTemplate" 
		/> <property name="dataSource" ref="aotDataSource" /> </bean> Added for REQ#437 
		and REQ#395 -->
	<bean id="aotJdbcTemplate" class="org.springframework.jdbc.core.JdbcTemplate">
		<qualifier value="aotJdbcTemplate" />
		<property name="dataSource" ref="aotDataSource" />
	</bean>

	<bean id="reportJdbcTemplate" class="org.springframework.jdbc.core.JdbcTemplate">
		<property name="dataSource" ref="reportDataSource" />
	</bean>
	<!-- Start : Added For QC#4084 -->
	<!-- <bean id="mvrJdbcTemplate" class="org.springframework.jdbc.core.JdbcTemplate"> 
		<qualifier value="mvrJdbcTemplate" /> <property name="dataSource" ref="reportDataSource" 
		/> </bean> -->
	<bean id="mvrAppJdbcTemplate" class="org.springframework.jdbc.core.JdbcTemplate">
		<property name="dataSource" ref="mvrAppDataSource" />
	</bean>
	<!-- End : Added For QC#4084 -->

	<!-- QC# 8290 changes start -->
	<bean id="portalJdbcTemplate" class="org.springframework.jdbc.core.JdbcTemplate">
		<property name="dataSource" ref="portalDataSource" />
	</bean>
	<!-- Start:Added for SS_QC#9049 -->
	<bean id="ftxTeyJdbcTemplate" class="org.springframework.jdbc.core.JdbcTemplate">
		<property name="dataSource" ref="ftxTeyDataSource" />
	</bean>
	<!-- End:Added for SS_QC#9049 -->
	
</beans>