<?xml version="1.0" encoding="utf-8"?>
<beans xmlns="http://www.springframework.org/schema/beans"
	xmlns:xsi="http://www.w3.org/2001/XMLSchema-instance" xmlns:tx="http://www.springframework.org/schema/tx"
	xmlns:aop="http://www.springframework.org/schema/aop" xmlns:context="http://www.springframework.org/schema/context"
	xmlns:util="http://www.springframework.org/schema/util"
	xsi:schemaLocation="http://www.springframework.org/schema/beans
                      http://www.springframework.org/schema/beans/spring-beans-4.3.xsd
                      http://www.springframework.org/schema/context
                      http://www.springframework.org/schema/context/spring-context-4.3.xsd
                      http://www.springframework.org/schema/util 
                      http://www.springframework.org/schema/util/spring-util-4.3.xsd
                      http://www.springframework.org/schema/tx
                      http://www.springframework.org/schema/tx/spring-tx-4.3.xsd
                      http://www.springframework.org/schema/aop
                      http://www.springframework.org/schema/aop/spring-aop-4.3.xsd">


	<bean id="hibernateTemplate" class="org.springframework.orm.hibernate4.HibernateTemplate">
		<property name="sessionFactory" ref="sessionFactory" />
		<property name="checkWriteOperations" value="false"></property>
	</bean>

	<bean id="transactionManager"
		class="org.springframework.orm.hibernate4.HibernateTransactionManager">
		<property name="sessionFactory" ref="sessionFactory" />
	</bean>


	<!-- Session factory -->
	<bean id="sessionFactory"
		class="org.springframework.orm.hibernate4.LocalSessionFactoryBean">
		<property name="dataSource" ref="eqmsDataSource" />
		<property name="mappingLocations">
			<list>
				<value>classpath:com/uprr/app/eqm/components/common/hibernate/model/EqmActInacStat.hbm.xml
				</value>
				<value>classpath:com/uprr/app/eqm/components/common/hibernate/model/EqmAsgnDtls.hbm.xml
				</value>
				<value>classpath:com/uprr/app/eqm/components/common/hibernate/model/EqmChlg.hbm.xml
				</value>
				<value>classpath:com/uprr/app/eqm/components/common/hibernate/model/EqmChlgCmnt.hbm.xml
				</value>
				<value>classpath:com/uprr/app/eqm/components/common/hibernate/model/EqmChlgHist.hbm.xml
				</value>
				<value>classpath:com/uprr/app/eqm/components/common/hibernate/model/EqmChlgRuleMpng.hbm.xml
				</value>
				<value>classpath:com/uprr/app/eqm/components/common/hibernate/model/EqmChngClas.hbm.xml
				</value>
				<value>classpath:com/uprr/app/eqm/components/common/hibernate/model/EqmChngClasDtls.hbm.xml
				</value>
				<value>classpath:com/uprr/app/eqm/components/common/hibernate/model/EqmDcrtEmplStat.hbm.xml
				</value>
				<value>classpath:com/uprr/app/eqm/components/common/hibernate/model/EqmDcrtOthEvntDtls.hbm.xml
				</value>
				<value>classpath:com/uprr/app/eqm/components/common/hibernate/model/EqmDenyDtls.hbm.xml
				</value>
				<value>classpath:com/uprr/app/eqm/components/common/hibernate/model/EqmDept.hbm.xml
				</value>
				<value>classpath:com/uprr/app/eqm/components/common/hibernate/model/EqmDrivRcdHist.hbm.xml
				</value>
				<value>classpath:com/uprr/app/eqm/components/common/hibernate/model/EqmDsgnRvkeReq.hbm.xml
				</value>
				<value>classpath:com/uprr/app/eqm/components/common/hibernate/model/EqmEmplCmntDtls.hbm.xml
				</value>
				<value>classpath:com/uprr/app/eqm/components/common/hibernate/model/EqmEmplDoc.hbm.xml
				</value>
				<value>classpath:com/uprr/app/eqm/components/common/hibernate/model/EqmEmplDtl.hbm.xml
				</value>
				<value>classpath:com/uprr/app/eqm/components/common/hibernate/model/EqmEmplDtls.hbm.xml
				</value>
				<value>classpath:com/uprr/app/eqm/components/common/hibernate/model/EqmEmplDtlsHist.hbm.xml
				</value>
				<value>classpath:com/uprr/app/eqm/components/common/hibernate/model/EqmEmplEvntDtls.hbm.xml
				</value>
				<value>classpath:com/uprr/app/eqm/components/common/hibernate/model/EqmEmplRoleArea.hbm.xml
				</value>
				<value>classpath:com/uprr/app/eqm/components/common/hibernate/model/EqmEmplRoleMpng.hbm.xml
				</value>
				<value>classpath:com/uprr/app/eqm/components/common/hibernate/model/EqmEmplSleDsgn.hbm.xml
				</value>
				<value>classpath:com/uprr/app/eqm/components/common/hibernate/model/EqmEvntCmntDtls.hbm.xml
				</value>
				<value>classpath:com/uprr/app/eqm/components/common/hibernate/model/EqmEvntCrewType.hbm.xml
				</value>
				<value>classpath:com/uprr/app/eqm/components/common/hibernate/model/EqmEvntCrvt.hbm.xml
				</value>
				<value>classpath:com/uprr/app/eqm/components/common/hibernate/model/EqmEvntDir.hbm.xml
				</value>
				<value>classpath:com/uprr/app/eqm/components/common/hibernate/model/EqmEvntDoc.hbm.xml
				</value>
				<value>classpath:com/uprr/app/eqm/components/common/hibernate/model/EqmEvntDtls.hbm.xml
				</value>
				<value>classpath:com/uprr/app/eqm/components/common/hibernate/model/EqmEvntGrd.hbm.xml
				</value>
				<value>classpath:com/uprr/app/eqm/components/common/hibernate/model/EqmEvntLastJobBref.hbm.xml
				</value>
				<value>classpath:com/uprr/app/eqm/components/common/hibernate/model/EqmEvntOprn.hbm.xml
				</value>
				<value>classpath:com/uprr/app/eqm/components/common/hibernate/model/EqmEvntRailRoad.hbm.xml
				</value>
				<value>classpath:com/uprr/app/eqm/components/common/hibernate/model/EqmEvntReg.hbm.xml
				</value>
				<value>classpath:com/uprr/app/eqm/components/common/hibernate/model/EqmEvntRegDtls.hbm.xml
				</value>
				<value>classpath:com/uprr/app/eqm/components/common/hibernate/model/EqmEvntRvkePerd.hbm.xml
				</value>
				<value>classpath:com/uprr/app/eqm/components/common/hibernate/model/EqmEvntRslt.hbm.xml
				</value>
				<value>classpath:com/uprr/app/eqm/components/common/hibernate/model/EqmEvntRsltDtls.hbm.xml
				</value>
				<value>classpath:com/uprr/app/eqm/components/common/hibernate/model/EqmEvntSigTty.hbm.xml
				</value>
				<value>classpath:com/uprr/app/eqm/components/common/hibernate/model/EqmEvntType.hbm.xml
				</value>
				<value>classpath:com/uprr/app/eqm/components/common/hibernate/model/EqmEvntTypeAuth.hbm.xml
				</value>
				<value>classpath:com/uprr/app/eqm/components/common/hibernate/model/EqmEvntTypeTrk.hbm.xml
				</value>
				<!-- QC 1056 - LERB - STARTS -->
				<value>classpath:com/uprr/app/eqm/components/common/hibernate/model/EqmEvntLerbDtls.hbm.xml
				</value>
				<!-- QC 1056 - LERB - ENDS -->
				<value>classpath:com/uprr/app/eqm/components/common/hibernate/model/EqmRulesMaster.hbm.xml
				</value>
				<value>classpath:com/uprr/app/eqm/components/common/hibernate/model/EqmFaxDtls.hbm.xml
				</value>
				<value>classpath:com/uprr/app/eqm/components/common/hibernate/model/EqmJobType.hbm.xml
				</value>
				<value>classpath:com/uprr/app/eqm/components/common/hibernate/model/EqmLcnsClas.hbm.xml
				</value>
				<value>classpath:com/uprr/app/eqm/components/common/hibernate/model/EqmLcnsDtls.hbm.xml
				</value>
				<value>classpath:com/uprr/app/eqm/components/common/hibernate/model/EqmLcnsInit.hbm.xml
				</value>
				<value>classpath:com/uprr/app/eqm/components/common/hibernate/model/EqmLcnsInitRqmt.hbm.xml
				</value>
				<value>classpath:com/uprr/app/eqm/components/common/hibernate/model/EqmLcnsOprn.hbm.xml
				</value>
				<value>classpath:com/uprr/app/eqm/components/common/hibernate/model/EqmLcnsPrntDtls.hbm.xml
				</value>
				<value>classpath:com/uprr/app/eqm/components/common/hibernate/model/EqmLcnsRqmt.hbm.xml
				</value>
				<value>classpath:com/uprr/app/eqm/components/common/hibernate/model/EqmMod.hbm.xml
				</value>
				<value>classpath:com/uprr/app/eqm/components/common/hibernate/model/EqmNtfn.hbm.xml
				</value>
				<value>classpath:com/uprr/app/eqm/components/common/hibernate/model/EqmNtfnRoleMpng.hbm.xml
				</value>
				<value>classpath:com/uprr/app/eqm/components/common/hibernate/model/EqmOprnCmntDtls.hbm.xml
				</value>
				<value>classpath:com/uprr/app/eqm/components/common/hibernate/model/EqmPackDtls.hbm.xml
				</value>
				<value>classpath:com/uprr/app/eqm/components/common/hibernate/model/EqmPrmpHist.hbm.xml
				</value>
				<value>classpath:com/uprr/app/eqm/components/common/hibernate/model/EqmReg.hbm.xml
				</value>
				<value>classpath:com/uprr/app/eqm/components/common/hibernate/model/EqmResn.hbm.xml
				</value>
				<value>classpath:com/uprr/app/eqm/components/common/hibernate/model/EqmRestCodeDtls.hbm.xml
				</value>
				<value>classpath:com/uprr/app/eqm/components/common/hibernate/model/EqmRmdlTrngDtls.hbm.xml
				</value>
				<value>classpath:com/uprr/app/eqm/components/common/hibernate/model/EqmRole.hbm.xml
				</value>
				<value>classpath:com/uprr/app/eqm/components/common/hibernate/model/EqmRoleModMpng.hbm.xml
				</value>
				<value>classpath:com/uprr/app/eqm/components/common/hibernate/model/EqmRule.hbm.xml
				</value>
				<value>classpath:com/uprr/app/eqm/components/common/hibernate/model/EqmRvwrMgr.hbm.xml
				</value>
				<value>classpath:com/uprr/app/eqm/components/common/hibernate/model/EqmStatCode.hbm.xml
				</value>
				<value>classpath:com/uprr/app/eqm/components/common/hibernate/model/EqmSvcUnit.hbm.xml
				</value>
				<value>classpath:com/uprr/app/eqm/components/common/hibernate/model/EqmSvcUnitOvrdHist.hbm.xml
				</value>
				<value>classpath:com/uprr/app/eqm/components/common/hibernate/model/EqmSysParm.hbm.xml
				</value>
				<value>classpath:com/uprr/app/eqm/components/common/hibernate/model/EqmSysRoleMpng.hbm.xml
				</value>
				<value>classpath:com/uprr/app/eqm/components/common/hibernate/model/EqmTestDtls.hbm.xml
				</value>
				<!-- Added for Req#524 -->
				<value>classpath:com/uprr/app/eqm/components/common/hibernate/model/EqmTestDtlsHist.hbm.xml
				</value>

				<value>classpath:com/uprr/app/eqm/components/common/hibernate/model/EqmTrnDtls.hbm.xml
				</value>
				<value>classpath:com/uprr/app/eqm/components/common/hibernate/model/EqmTypeDoc.hbm.xml
				</value>
				<value>classpath:com/uprr/app/eqm/components/common/hibernate/model/EqmWorkItem.hbm.xml
				</value>
				<value>classpath:com/uprr/app/eqm/components/common/hibernate/model/EqmWorkItemRoleMp.hbm.xml
				</value>
				<value>classpath:com/uprr/app/eqm/components/common/hibernate/model/EqmChngClasDtls.hbm.xml
				</value>
				<value>classpath:com/uprr/app/eqm/components/common/hibernate/model/EqmRuleCode.hbm.xml
				</value>
				<value>classpath:com/uprr/app/eqm/components/common/hibernate/model/EqmEmplRestDtls.hbm.xml
				</value>
				<value>classpath:com/uprr/app/eqm/components/common/hibernate/model/EqmRailRdRestDtls.hbm.xml
				</value>
				<value>classpath:com/uprr/app/eqm/components/common/hibernate/model/EqmIndyRestDtls.hbm.xml
				</value>
				<value>classpath:com/uprr/app/eqm/components/common/hibernate/model/EqmCmtsDocDtls.hbm.xml
				</value>
				<value>classpath:com/uprr/app/eqm/components/common/hibernate/model/EqmFtePosMstr.hbm.xml
				</value>
				<value>classpath:com/uprr/app/eqm/components/common/hibernate/model/EqmEvntRvkePerd.hbm.xml
				</value>
				<value>classpath:com/uprr/app/eqm/components/common/hibernate/model/EqmGratRole.hbm.xml
				</value>
				<value>classpath:com/uprr/app/eqm/components/common/hibernate/model/EqmFteFrnLineMstr.hbm.xml
				</value>
				<value>classpath:com/uprr/app/eqm/components/common/hibernate/model/EqmFteTestRuleDept.hbm.xml
				</value>
				<value>classpath:com/uprr/app/eqm/components/common/hibernate/model/EqmFteEvlnActn.hbm.xml
				</value>
				<value>classpath:com/uprr/app/eqm/components/common/hibernate/model/EqmFteTestMstr.hbm.xml
				</value>
				<value>classpath:com/uprr/app/eqm/components/common/hibernate/model/EqmFteEmplRuleRslt.hbm.xml
				</value>
				<value>classpath:com/uprr/app/eqm/components/common/hibernate/model/EqmTesttypeTestRule.hbm.xml
				</value>
				<!-- Commented for QC#1284 changes -->
				<!--<value>classpath:com/uprr/app/eqm/components/common/hibernate/model/EqmFteUserMstr.hbm.xml</value> -->
				<value>classpath:com/uprr/app/eqm/components/common/hibernate/model/EqmFteUserTestType.hbm.xml
				</value>
				<value>classpath:com/uprr/app/eqm/components/common/hibernate/model/EqmFteEvntEmpl.hbm.xml
				</value>
				<value>classpath:com/uprr/app/eqm/components/common/hibernate/model/EqmFteEmplSkilRslt.hbm.xml
				</value>
				<value>classpath:com/uprr/app/eqm/components/common/hibernate/model/EqmFtePosGrpSkil.hbm.xml
				</value>
				<value>classpath:com/uprr/app/eqm/components/common/hibernate/model/EqmFteEvnt.hbm.xml
				</value>
				<value>classpath:com/uprr/app/eqm/components/common/hibernate/model/EqmFteEvntLoco.hbm.xml
				</value>
				<value>classpath:com/uprr/app/eqm/components/common/hibernate/model/EqmFteTrnDtls.hbm.xml
				</value>
				<value>classpath:com/uprr/app/eqm/components/common/hibernate/model/EqmFteVsbl.hbm.xml
				</value>
				<value>classpath:com/uprr/app/eqm/components/common/hibernate/model/EqmFteWthr.hbm.xml
				</value>
				<value>classpath:com/uprr/app/eqm/components/common/hibernate/model/EqmFteTypeMstr.hbm.xml
				</value>
				<value>classpath:com/uprr/app/eqm/components/common/hibernate/model/EqmFteEvlnType.hbm.xml
				</value>
				<value>classpath:com/uprr/app/eqm/components/common/hibernate/model/EqmFtePosMstr.hbm.xml
				</value>
				<value>classpath:com/uprr/app/eqm/components/common/hibernate/model/EqmFtePosGrpMstr.hbm.xml
				</value>
				<value>classpath:com/uprr/app/eqm/components/common/hibernate/model/EqmFteEvlnResnMstr.hbm.xml
				</value>
				<value>classpath:com/uprr/app/eqm/components/common/hibernate/model/EqmFteResnSkilMpng.hbm.xml
				</value>
				<value>classpath:com/uprr/app/eqm/components/common/hibernate/model/EqmFteSkilMstr.hbm.xml
				</value>
				<value>classpath:com/uprr/app/eqm/components/common/hibernate/model/EqmFteRuleDeptMpng.hbm.xml
				</value>
				<value>classpath:com/uprr/app/eqm/components/common/hibernate/model/EqmFteDeptMstr.hbm.xml
				</value>
				<value>classpath:com/uprr/app/eqm/components/common/hibernate/model/EqmFteRuleMstr.hbm.xml
				</value>
				<value>classpath:com/uprr/app/eqm/components/common/hibernate/model/EqmFteTestTypeMstr.hbm.xml
				</value>
				<!-- CHANGES FOR REQ#217 -->
				<value>classpath:com/uprr/app/eqm/components/common/hibernate/model/EqmFteUserAccs.hbm.xml
				</value>
				<!-- CHANGES FOR REQ#217 -->
				<value>classpath:com/uprr/app/eqm/components/common/hibernate/model/EqmFtxPlanTrck.hbm.xml
				</value>
				<value>classpath:com/uprr/app/eqm/components/common/hibernate/model/EqmFtxGoalTestType.hbm.xml
				</value>
				<value>classpath:com/uprr/app/eqm/components/common/hibernate/model/EqmFtxGoal.hbm.xml
				</value>
				<value>classpath:com/uprr/app/eqm/components/common/hibernate/model/EqmFtxPlan.hbm.xml
				</value>
				<value>classpath:com/uprr/app/eqm/components/common/hibernate/model/EqmFtxMgrGrpRule.hbm.xml
				</value>
				<value>classpath:com/uprr/app/eqm/components/common/hibernate/model/EqmFtxMgrGrpPlan.hbm.xml
				</value>
				<value>classpath:com/uprr/app/eqm/components/common/hibernate/model/EqmFtxEmplPlanMpng.hbm.xml
				</value>
				<value>classpath:com/uprr/app/eqm/components/common/hibernate/model/EqmFtxEmplCatgRule.hbm.xml
				</value>
				<value>classpath:com/uprr/app/eqm/components/common/hibernate/model/EqmFtxGoalTestMpng.hbm.xml
				</value>
				<value>classpath:com/uprr/app/eqm/components/common/hibernate/model/EqmFtxPlanCatgMpng.hbm.xml
				</value>
				<value>classpath:com/uprr/app/eqm/components/common/hibernate/model/EqmFtxEmplGoalMpng.hbm.xml
				</value>
				<value>classpath:com/uprr/app/eqm/components/common/hibernate/model/EqmFtxSvcUnitGoal.hbm.xml
				</value>
				<value>classpath:com/uprr/app/eqm/components/common/hibernate/model/EqmFtxMgrGrpGoal.hbm.xml
				</value>
				<value>classpath:com/uprr/app/eqm/components/common/hibernate/model/EqmFtxRegGoalMpng.hbm.xml
				</value>
				<value>classpath:com/uprr/app/eqm/components/common/hibernate/model/EqmFtxLevlAtEmpl.hbm.xml
				</value>
				<value>classpath:com/uprr/app/eqm/components/common/hibernate/model/EqmFtxEmplPosParm.hbm.xml
				</value>
				<value>classpath:com/uprr/app/eqm/components/common/hibernate/model/EqmFtxCatgTestMpng.hbm.xml
				</value>
				<value>classpath:com/uprr/app/eqm/components/common/hibernate/model/EqmFtxCatgRule.hbm.xml
				</value>
				<value>classpath:com/uprr/app/eqm/components/common/hibernate/model/EqmFtxMgrGrpEmpl.hbm.xml
				</value>
				<value>classpath:com/uprr/app/eqm/components/common/hibernate/model/EqmFtxCatg.hbm.xml
				</value>
				<value>classpath:com/uprr/app/eqm/components/common/hibernate/model/EqmFtxMgrUnavMpng.hbm.xml
				</value>
				<value>classpath:com/uprr/app/eqm/components/common/hibernate/model/EqmFtxGoalType.hbm.xml
				</value>
				<value>classpath:com/uprr/app/eqm/components/common/hibernate/model/EqmFtxLevl.hbm.xml
				</value>
				<value>classpath:com/uprr/app/eqm/components/common/hibernate/model/EqmFtxMgrGrp.hbm.xml
				</value>
				<value>classpath:com/uprr/app/eqm/components/common/hibernate/model/EqmEmplPndgRuDtls.hbm.xml
				</value>
				<value>classpath:com/uprr/app/eqm/components/common/hibernate/model/EqmFtxPlanTrck.hbm.xml
				</value>
				<value>classpath:com/uprr/app/eqm/components/common/hibernate/model/XtrTrnDtlsVl.hbm.xml
				</value>
				<value>classpath:com/uprr/app/eqm/components/common/hibernate/model/XtrLocoDtlsVl.hbm.xml
				</value>
				<value>classpath:com/uprr/app/eqm/components/common/hibernate/model/EqmFteEmplStatMstr.hbm.xml
				</value>
				<value>classpath:com/uprr/app/eqm/components/common/hibernate/model/EqmFteAccsRuleMstr.hbm.xml
				</value>
				<value>classpath:com/uprr/app/eqm/components/common/hibernate/model/EqmFteFileUpld.hbm.xml
				</value>
				<value>classpath:com/uprr/app/eqm/components/common/hibernate/model/EqmGisMpLoc.hbm.xml
				</value>
				<value>classpath:com/uprr/app/eqm/components/common/hibernate/model/ExtEqmWorkItem.hbm.xml
				</value>
				<value>classpath:com/uprr/app/eqm/components/common/hibernate/model/EscEqmWorkItem.hbm.xml
				</value>
				<value>classpath:com/uprr/app/eqm/components/common/hibernate/model/EscEqmWorkItemRoleMp.hbm.xml
				</value>
				<value>classpath:com/uprr/app/eqm/components/common/hibernate/model/EqmUserMsgsMstr.hbm.xml
				</value>
				<value>classpath:com/uprr/app/eqm/components/common/hibernate/model/EqmUserMsgsAckm.hbm.xml
				</value>
				<!-- CHANGES FOR QC#1293 -->
				<value>classpath:com/uprr/app/eqm/components/common/hibernate/model/EqmRuleExamCode.hbm.xml
				</value>
				<!-- CHANGES FOR QC#1293 -->
				<value>classpath:com/uprr/app/eqm/components/common/hibernate/model/EqmEvntRvkeDtls.hbm.xml
				</value>
				<!-- CHANGES FOR REQ#407 - Start -->
				<value>classpath:com/uprr/app/eqm/components/common/hibernate/model/EqmFtxGoalMstr.hbm.xml
				</value>
				<value>classpath:com/uprr/app/eqm/components/common/hibernate/model/EqmFtxGoalTestTypeMstr.hbm.xml
				</value>
				<!-- CHANGES FOR REQ#407 - End -->
				<!-- EDR .hbm Starts -->
				<value>classpath:com/uprr/app/eqm/components/common/hibernate/model/EqmActnPlan.hbm.xml
				</value>
				<value>classpath:com/uprr/app/eqm/components/common/hibernate/model/EqmActnPlanEmplMp.hbm.xml
				</value>
				<value>classpath:com/uprr/app/eqm/components/common/hibernate/model/EqmActnPlanParmMp.hbm.xml
				</value>
				<value>classpath:com/uprr/app/eqm/components/common/hibernate/model/EqmActnPlanParm.hbm.xml
				</value>
				<value>classpath:com/uprr/app/eqm/components/common/hibernate/model/EqmActnPlanOutCome.hbm.xml
				</value>
				<value>classpath:com/uprr/app/eqm/components/common/hibernate/model/EqmActnPlanTmpt.hbm.xml
				</value>
				<value>classpath:com/uprr/app/eqm/components/common/hibernate/model/EqmActnPlanTrng.hbm.xml
				</value>
				<value>classpath:com/uprr/app/eqm/components/common/hibernate/model/EqmEdr.hbm.xml
				</value>
				<value>classpath:com/uprr/app/eqm/components/common/hibernate/model/EqmEdrChkl.hbm.xml
				</value>
				<value>classpath:com/uprr/app/eqm/components/common/hibernate/model/EqmEdrChklAtmtMpng.hbm.xml
				</value>
				<value>classpath:com/uprr/app/eqm/components/common/hibernate/model/EqmEdrChklTopcMpng.hbm.xml
				</value>
				<value>classpath:com/uprr/app/eqm/components/common/hibernate/model/EqmEdrEmplMpng.hbm.xml
				</value>
				<value>classpath:com/uprr/app/eqm/components/common/hibernate/model/EqmEdrPrntDoc.hbm.xml
				</value>
				<value>classpath:com/uprr/app/eqm/components/common/hibernate/model/EqmEdrTopc.hbm.xml
				</value>
				<value>classpath:com/uprr/app/eqm/components/common/hibernate/model/EqmPrntAtmtMpng.hbm.xml
				</value>
				<value>classpath:com/uprr/app/eqm/components/common/hibernate/model/EqmTrngPinsCode.hbm.xml
				</value>
				<value>classpath:com/uprr/app/eqm/components/common/hibernate/model/EqmWuntCombMpng.hbm.xml
				</value>
				<value>classpath:com/uprr/app/eqm/components/common/hibernate/model/EqmWunt.hbm.xml
				</value>
				<value>classpath:com/uprr/app/eqm/components/common/hibernate/model/EqmWuntMgrMpng.hbm.xml
				</value>
				<!-- EDR .hbm Ends -->
				<!-- Score Starts -->
				<!-- score module .hbm files -->
				<value>classpath:com/uprr/app/eqm/components/common/hibernate/model/EqmExamGrpMstr.hbm.xml
				</value>
				<value>classpath:com/uprr/app/eqm/components/common/hibernate/model/EqmScorCtgyMstr.hbm.xml
				</value>
				<value>classpath:com/uprr/app/eqm/components/common/hibernate/model/EqmScorCtgyScor.hbm.xml
				</value>
				<value>classpath:com/uprr/app/eqm/components/common/hibernate/model/EqmScorFuelCard.hbm.xml
				</value>
				<value>classpath:com/uprr/app/eqm/components/common/hibernate/model/EqmScorFuelCode.hbm.xml
				</value>
				<value>classpath:com/uprr/app/eqm/components/common/hibernate/model/EqmScorFtxEvnt.hbm.xml
				</value>
				<value>classpath:com/uprr/app/eqm/components/common/hibernate/model/EqmEvntCtgyMpng.hbm.xml
				</value>
				<value>classpath:com/uprr/app/eqm/components/common/hibernate/model/EqmScorEvntMstr.hbm.xml
				</value>
				<value>classpath:com/uprr/app/eqm/components/common/hibernate/model/EqmScorFuelPosEvln.hbm.xml
				</value>
				<value>classpath:com/uprr/app/eqm/components/common/hibernate/model/EqmScorAtnd.hbm.xml
				</value>
				<value>classpath:com/uprr/app/eqm/components/common/hibernate/model/EqmAtndCodeMstr.hbm.xml
				</value>
				<value>classpath:com/uprr/app/eqm/components/common/hibernate/model/EqmScorDspnLevl.hbm.xml
				</value>
				<value>classpath:com/uprr/app/eqm/components/common/hibernate/model/EqmScorDspnDcrt.hbm.xml
				</value>
				<value>classpath:com/uprr/app/eqm/components/common/hibernate/model/EqmScorTrnSepn.hbm.xml
				</value>
				<value>classpath:com/uprr/app/eqm/components/common/hibernate/model/EqmScorPosEvlnMpng.hbm.xml
				</value>
				<value>classpath:com/uprr/app/eqm/components/common/hibernate/model/EqmScorDrl.hbm.xml
				</value>
				<value>classpath:com/uprr/app/eqm/components/common/hibernate/model/EqmScorFuelEvln.hbm.xml
				</value>
				<value>classpath:com/uprr/app/eqm/components/common/hibernate/model/EqmEducInvlSmlr.hbm.xml
				</value>
				<value>classpath:com/uprr/app/eqm/components/common/hibernate/model/EqmSmlrCodeMstr.hbm.xml
				</value>
				<value>classpath:com/uprr/app/eqm/components/common/hibernate/model/EqmSmlrEvntCodeMp.hbm.xml
				</value>
				<value>classpath:com/uprr/app/eqm/components/common/hibernate/model/EqmScorExamGrp.hbm.xml
				</value>
				<value>classpath:com/uprr/app/eqm/components/common/hibernate/model/EqmExamGrp.hbm.xml
				</value>
				<value>classpath:com/uprr/app/eqm/components/common/hibernate/model/EqmExamGrpCodeMpng.hbm.xml
				</value>
				<value>classpath:com/uprr/app/eqm/components/common/hibernate/model/EqmExamCodeMstr.hbm.xml
				</value>
				<value>classpath:com/uprr/app/eqm/components/common/hibernate/model/EqmEdrExam.hbm.xml
				</value>
				<value>classpath:com/uprr/app/eqm/components/common/hibernate/model/EqmScorDrlCausMpng.hbm.xml
				</value>
				<value>classpath:com/uprr/app/eqm/components/common/hibernate/model/EqmSkilEvlnMpng.hbm.xml
				</value>
				<value>classpath:com/uprr/app/eqm/components/common/hibernate/model/EqmEvlnResnMpng.hbm.xml
				</value>
				<value>classpath:com/uprr/app/eqm/components/common/hibernate/model/EqmRideEvntRecd.hbm.xml
				</value>
				<value>classpath:com/uprr/app/eqm/components/common/hibernate/model/EqmCtgyScorSmry.hbm.xml
				</value>
				<value>classpath:com/uprr/app/eqm/components/common/hibernate/model/EqmDalyEvntTran.hbm.xml
				</value>
				<value>classpath:com/uprr/app/eqm/components/common/hibernate/model/EqmEvntScorTran.hbm.xml
				</value>
				<value>classpath:com/uprr/app/eqm/components/common/hibernate/model/EqmDalyExamTran.hbm.xml
				</value>
				<value>classpath:com/uprr/app/eqm/components/common/hibernate/model/EqmDalySmlrTran.hbm.xml
				</value>
				<value>classpath:com/uprr/app/eqm/components/common/hibernate/model/EqmDalySkilTran.hbm.xml
				</value>
				<value>classpath:com/uprr/app/eqm/components/common/hibernate/model/EqmDalyDrlTran.hbm.xml
				</value>
				<value>classpath:com/uprr/app/eqm/components/common/hibernate/model/EqmEmplScorSmry.hbm.xml
				</value>
				<value>classpath:com/uprr/app/eqm/components/common/hibernate/model/EqmAirRailEqmtCausCdVl.hbm.xml
				</value>
				<value>classpath:com/uprr/app/eqm/components/common/hibernate/model/EqmScorMiscCode.hbm.xml
				</value>
				<value>classpath:com/uprr/app/eqm/components/common/hibernate/model/EqmAirEmplHfctIncdVl.hbm.xml
				</value>
				<!-- Score End -->
				<value>classpath:com/uprr/app/eqm/components/common/hibernate/model/EqmTsfrMgrDtls.hbm.xml
				</value>
				<value>classpath:com/uprr/app/eqm/components/common/hibernate/model/EqmLcnsRestMstr.hbm.xml
				</value>
				<value>classpath:com/uprr/app/eqm/components/common/hibernate/model/NmsEmplStatVl.hbm.xml
				</value>
				<!-- GFC Starts -->
				<!-- <value>classpath:com/uprr/app/gfc/hibernate/model/ChallengePOJO.hbm.xml</value> 
					<value>classpath:com/uprr/app/gfc/hibernate/model/ChallengeRuleMappingPOJO.hbm.xml</value> 
					<value>classpath:com/uprr/app/gfc/hibernate/model/ChallengeCommentPOJO.hbm.xml</value> 
					<value>classpath:com/uprr/app/gfc/hibernate/model/EmployeeDetailPOJO.hbm.xml</value> 
					<value>classpath:com/uprr/app/gfc/hibernate/model/ReviewManagerPOJO.hbm.xml</value> 
					<value>classpath:com/uprr/app/gfc/hibernate/model/RulePOJO.hbm.xml</value> 
					<value>classpath:com/uprr/app/gfc/hibernate/model/ChallengeHistoryPOJO.hbm.xml</value> 
					<value>classpath:com/uprr/app/gfc/hibernate/model/RuleHistoryPOJO.hbm.xml</value> -->
				<!-- GFC Ends -->
				<!-- EDR Manual Pojos start -->
				<value>classpath:com/uprr/app/eqm/components/common/hibernate/model/EqmEdrAsgnDtls.hbm.xml
				</value>
				<value>classpath:com/uprr/app/eqm/components/common/hibernate/model/EqmEdrEmplDtls.hbm.xml
				</value>
				<value>classpath:com/uprr/app/eqm/components/common/hibernate/model/EqmEdrActnPlanEmplMp.hbm.xml
				</value>
				<value>classpath:com/uprr/app/eqm/components/common/hibernate/model/EqmManualEdrEmplMpng.hbm.xml
				</value>
				<value>classpath:com/uprr/app/eqm/components/common/hibernate/model/EqmManualEdr.hbm.xml
				</value>
				<!-- EDR Manual Pojos end -->

				<!-- Auto/Random Scan starts -->
				<value>classpath:com/uprr/app/eqm/components/common/hibernate/model/EqmAutoScanEvntDtl.hbm.xml
				</value>
				<value>classpath:com/uprr/app/eqm/components/common/hibernate/model/EqmAutoScanExCatg.hbm.xml
				</value>
				<value>classpath:com/uprr/app/eqm/components/common/hibernate/model/EqmAutoScanExDtls.hbm.xml
				</value>
				<value>classpath:com/uprr/app/eqm/components/common/hibernate/model/EqmAutoScanExMpng.hbm.xml
				</value>
				<value>classpath:com/uprr/app/eqm/components/common/hibernate/model/OnbRuleMv1.hbm.xml
				</value>
				<value>classpath:com/uprr/app/eqm/components/common/hibernate/model/EqmEvntStatMstr.hbm.xml
				</value>
				<value>classpath:com/uprr/app/eqm/components/common/hibernate/model/EqmRdScVltnDtlMp.hbm.xml
				</value>
				<value>classpath:com/uprr/app/eqm/components/common/hibernate/model/EqmRndmScanEvntDtl.hbm.xml
				</value>
				<value>classpath:com/uprr/app/eqm/components/common/hibernate/model/EqmRndmScanFileMp.hbm.xml
				</value>
				<value>classpath:com/uprr/app/eqm/components/common/hibernate/model/EqmScanEvnt.hbm.xml
				</value>
				<value>classpath:com/uprr/app/eqm/components/common/hibernate/model/EqmScanEvntEmpl.hbm.xml
				</value>
				<value>classpath:com/uprr/app/eqm/components/common/hibernate/model/EqmScanEvntStat.hbm.xml
				</value>
				<value>classpath:com/uprr/app/eqm/components/common/hibernate/model/EqmScanTypeMstr.hbm.xml
				</value>
				<value>classpath:com/uprr/app/eqm/components/common/hibernate/model/EqmScanResnMstr.hbm.xml
				</value>
				<!-- for ASRS search Locomotive download(Table is present only at dev210) -->
				<value>classpath:com/uprr/app/eqm/components/common/hibernate/model/EqmRndmDatFileDtls.hbm.xml
				</value>

				<!-- Auto/Random Scan ends -->

				<!-- BIT HBM -->
				<value>classpath:com/uprr/app/eqm/components/common/hibernate/model/EqmBitEvntDoc.hbm.xml
				</value>
				<value>classpath:com/uprr/app/eqm/components/common/hibernate/model/EqmBitCausCodeMstr.hbm.xml
				</value>
				<value>classpath:com/uprr/app/eqm/components/common/hibernate/model/EqmBitEvnt.hbm.xml
				</value>
				<value>classpath:com/uprr/app/eqm/components/common/hibernate/model/EqmBitEvntDtls.hbm.xml
				</value>
				<value>classpath:com/uprr/app/eqm/components/common/hibernate/model/EqmBitEvntEmplDtls.hbm.xml
				</value>
				<value>classpath:com/uprr/app/eqm/components/common/hibernate/model/EqmBitEvntLocoDtls.hbm.xml
				</value>
				<value>classpath:com/uprr/app/eqm/components/common/hibernate/model/EqmBitEvntMp.hbm.xml
				</value>
				<value>classpath:com/uprr/app/eqm/components/common/hibernate/model/EqmBitEvntSmryDtls.hbm.xml
				</value>
				<value>classpath:com/uprr/app/eqm/components/common/hibernate/model/EqmMsgDtls.hbm.xml
				</value>
				<value>classpath:com/uprr/app/eqm/components/common/hibernate/model/EqmStatMstr.hbm.xml
				</value>
				<!-- BIT ENDS -->
				<!-- Added for QC#193 by xsat244 -->
				<value>classpath:com/uprr/app/eqm/components/common/hibernate/model/EqmComImag.hbm.xml
				</value>
				<!-- TWIC HBM starts -->
				<value>classpath:com/uprr/app/eqm/components/common/hibernate/model/EqmTwicDtls.hbm.xml
				</value>
				<value>classpath:com/uprr/app/eqm/components/common/hibernate/model/EqmTwicCmtsDtls.hbm.xml
				</value>
				<!-- TWIC HBM ends -->

				<!-- Added for IVR by xsat244 -->
				<value>classpath:com/uprr/app/eqm/components/common/hibernate/model/EqmIvrRespMsg.hbm.xml
				</value>
				<!-- Added for System Access by xsat175 modified for REQ380 -->
				<value>classpath:com/uprr/app/eqm/components/common/hibernate/model/EqmDsaNtfn.hbm.xml
				</value>
				<!-- Added for System Access by xsat243 -->
				<value>classpath:com/uprr/app/eqm/components/common/hibernate/model/EqmDsaStatDtls.hbm.xml
				</value>
				<!-- Added for REQ#420 - FTE and BIT/ASRS/DSA Integration by xsat319 -->
				<value>classpath:com/uprr/app/eqm/components/common/hibernate/model/EqmFteEvntMpng.hbm.xml
				</value>
				<!-- Added For REQ#401 -->
				<value>classpath:com/uprr/app/eqm/components/common/hibernate/model/EqmDcrtEvntSigMstr.hbm.xml
				</value>

				<!-- Added For THRC subscription. -->
				<value>classpath:com/uprr/app/eqm/components/common/hibernate/model/EqmThrcWuntSb.hbm.xml
				</value>
				<value>classpath:com/uprr/app/eqm/components/common/hibernate/model/EqmThrcLocaSb.hbm.xml
				</value>
				<value>classpath:com/uprr/app/eqm/components/common/hibernate/model/EqmThrcEmplSb.hbm.xml
				</value>
				<value>classpath:com/uprr/app/eqm/components/common/hibernate/model/EqmThrcSb.hbm.xml
				</value>

				<value>classpath:com/uprr/app/eqm/components/common/hibernate/model/EqmThrcEvntDtls.hbm.xml
				</value>
				<value>classpath:com/uprr/app/eqm/components/common/hibernate/model/EqmThrcCrewDtls.hbm.xml
				</value>
				<value>classpath:com/uprr/app/eqm/components/common/hibernate/model/EqmThrcLocoDtls.hbm.xml
				</value>
				<value>classpath:com/uprr/app/eqm/components/common/hibernate/model/EqmThrcEvntMpng.hbm.xml
				</value>
				<value>classpath:com/uprr/app/eqm/components/common/hibernate/model/EqmThrcStatDtls.hbm.xml
				</value>
				<value>classpath:com/uprr/app/eqm/components/common/hibernate/model/EqmThrcEvntDoc.hbm.xml
				</value>
				<value>classpath:com/uprr/app/eqm/components/common/hibernate/model/EqmThrcEvntDtls.hbm.xml
				</value>

				<!-- Added For RCL. -->
				<value>classpath:com/uprr/app/eqm/components/common/hibernate/model/EqmThrcYardSvcUnitMpng.hbm.xml
				</value>
				<!-- Changes ended for Thrc subscription. -->
				<!-- Req#503 -->
				<value>classpath:com/uprr/app/eqm/components/common/hibernate/model/EqmPsftNtfnDtl.hbm.xml
				</value>
				<!-- Req#490 -->
				<value>classpath:com/uprr/app/eqm/components/common/hibernate/model/EqmMsgSent.hbm.xml
				</value>
				<!-- CHANGES FOR REQ#588 - Start -->
				<value>classpath:com/uprr/app/eqm/components/common/hibernate/model/EqmDcrtVltnRegMpng.hbm.xml
				</value>
				<value>classpath:com/uprr/app/eqm/components/common/hibernate/model/EqmDcrtMgrCmnt.hbm.xml
				</value>
				<!-- CHANGES FOR REQ#588 - End -->

				<!-- CHANGES FOR REQ#699 - Start -->
				<value>classpath:com/uprr/app/eqm/components/common/hibernate/model/EqmFteMapsGrpMstr.hbm.xml
				</value>
				<value>classpath:com/uprr/app/eqm/components/common/hibernate/model/EqmFteMapsGrpRuleMpng.hbm.xml
				</value>
				<!-- CHANGES FOR REQ#699 - Ends -->
				<!-- Start : Added For QC#4084 -->
				<value>classpath:com/uprr/app/eqm/components/common/hibernate/model/EqmLcnsMvrRptDtls.hbm.xml
				</value>
				<!-- End : Added For QC#4084 -->
				<!-- Start QC#3720 -->
				<value>classpath:com/uprr/app/eqm/components/common/hibernate/model/EqmDcrtRegRuleMpng.hbm.xml
				</value><!-- End QC#3720 -->
				<!-- Start : QC#5310 -->
				<value>classpath:com/uprr/app/eqm/components/common/hibernate/model/EqmFraRptRevw.hbm.xml
				</value>
				<!-- End : QC#5310 -->
				<!-- Denial of Certification bundled QCs(SS_QC#5120): Start -->
				<value>classpath:com/uprr/app/eqm/components/common/hibernate/model/EqmDenyForm.hbm.xml
				</value>
				<value>classpath:com/uprr/app/eqm/components/common/hibernate/model/EqmDenyFormMpng.hbm.xml
				</value>
				<value>classpath:com/uprr/app/eqm/components/common/hibernate/model/EqmDenyOprn.hbm.xml
				</value>
				<!-- Denial of Certification bundled QCs(SS_QC#5120): End -->
				<!--  Added for SS_QC#10202(9049) - Start -->
				<value>classpath:com/uprr/app/eqm/components/common/hibernate/model/EqmFteDtls.hbm.xml</value>
				<value>classpath:com/uprr/app/eqm/components/common/hibernate/model/EqmFteEmplTestRuleDtls.hbm.xml</value>
				<!--  Added for SS_QC#10202(9049) - End -->
				<!-- SS_QC#6700 - Start  -->
				<value>classpath:com/uprr/app/eqm/components/common/hibernate/model/EqmAudDtls.hbm.xml
				</value>
				<value>classpath:com/uprr/app/eqm/components/common/hibernate/model/EqmAudRcdDtls.hbm.xml
				</value>
				<!-- SS_QC#6700 - End -->
			</list>

		</property>


		<property name="hibernateProperties">
			<props>
				<prop key="hibernate.dialect">${EQMS_HIBERNATE_DIALECT}</prop>
				<!-- Leave show_sql as false - we don't want the sql piped to stdout. 
					We capture the sql via log4j -->
				<prop key="hibernate.show_sql">true</prop>
				<prop key="hibernate.query.factory_class">
					org.hibernate.hql.internal.classic.ClassicQueryTranslatorFactory
				</prop>
				<prop key="hibernate.c3p0.minPoolSize">1</prop>
				<prop key="hibernate.c3p0.maxPoolSize">1</prop>
				<prop key="hibernate.timeout">18000</prop>
				<prop key="hibernate.jdbc.batch_size">50</prop>
				<prop key="hibernate.connection.autocommit">true</prop>
			</props>
		</property>

	</bean>

</beans>
