<?xml version="1.0" encoding="UTF-8"?>
<Configuration status="WARN" shutdownHook="disable">
   <Properties>
      <Property name="jbs.logdir">${sys:jbs.logdir}</Property>
      <Property name="jbs.name">${sys:jbs.name}</Property>
      <Property name="default.log.level">$${bundle:${sys:uprr.implementation.environment}:default.logging.level}</Property>
      <Property name="spring.logging.level">$${bundle:${sys:uprr.implementation.environment}:spring.logging.level}</Property>
      <Property name="app.logging.level">$${bundle:${sys:uprr.implementation.environment}:app.logging.level}</Property>
      <Property name="hibernate.logging.level">$${bundle:${sys:uprr.implementation.environment}:hibernate.logging.level}</Property>
      <Property name="app.appname.logger">LIC-licensing-rest-v1</Property>
   </Properties>
   <Appenders>
      <Syslog name="syslog" host="localhost" port="514" protocol="TCP" facility="LOCAL2" appName="${app.appname.logger}" format="RFC5424" connectTimeoutMillis="2000" reconnectionDelayMillis="5000" ignoreExceptions="true" messageId="${app.appname.logger}" mdcId="${web:app.tla}" includeMDC="true" id="App" newLine="true" newLineEscape="\n" enterpriseNumber="1128">
         <LoggerFields>
            You can add any key-value pairs you like. Only environment and message are required.  
                     The rest will show up as meta-data for a log. Only message is searchable.  
            <KeyValuePair key="environment" value="${sys:uprr.implementation.environment}" />
            <KeyValuePair key="thread" value="%t" />
            <KeyValuePair key="class" value="%c" />
            <KeyValuePair key="message" value="%m" />
            <KeyValuePair key="exception" value="%ex{full}" />
         </LoggerFields>
      </Syslog>
      <RollingFile name="file" fileName="${jbs.logdir}/apps/${app.appname.logger}/${app.appname.logger}.${jbs.name}.log" filePattern="${jbs.logdir}/apps/${app.appname.logger}/${app.appname.logger}.${jbs.name}.%i.log">
         <PatternLayout>
            <Pattern>%d{ISO8601} [class="%c" priority="%p" thread="%t"] %m%n</Pattern>
         </PatternLayout>
         <Policies>
            <SizeBasedTriggeringPolicy size="50 MB" />
         </Policies>
         <DefaultRolloverStrategy max="5" />
      </RollingFile>
       <RollingFile name="XMF_LOG" fileName="${jbs.logdir}/apps/${app.appname.logger}/${app.appname.logger}.${jbs.name}-xmf.log" filePattern="${jbs.logdir}/apps/${app.appname.logger}/${app.appname.logger}.${jbs.name}-xmf.%i.log">
          <PatternLayout>
            <Pattern>%d{ISO8601} [class="%c" priority="%p" thread="%t"] %m%n</Pattern>
         </PatternLayout>
         <Policies>
            <SizeBasedTriggeringPolicy size="50 MB" />
         </Policies>
         <DefaultRolloverStrategy max="5" />
      </RollingFile>
		 <RollingFile name="JMS_LOG" fileName="${jbs.logdir}/apps/${app.appname.logger}/${app.appname.logger}.${jbs.name}-jms.log" filePattern="${jbs.logdir}/apps/${app.appname.logger}/${app.appname.logger}.${jbs.name}-jms.%i.log">
          <PatternLayout>
            <Pattern>%d{ISO8601} [class="%c" priority="%p" thread="%t"] %m%n</Pattern>
         </PatternLayout>
         <Policies>
            <SizeBasedTriggeringPolicy size="50 MB" />
         </Policies>
         <DefaultRolloverStrategy max="5" />
      </RollingFile>
<!--       <Console name="STDOUT" target="SYSTEM_OUT"> -->
<!-- 			<PatternLayout> -->
<!-- 				<pattern>%d{ISO8601} [class="%c"] %m%n</pattern> -->
<!-- 			</PatternLayout> -->
<!-- 		</Console> -->
      <Async name="async" blocking="false" bufferSize="200">
         <AppenderRef ref="file" />
         <AppenderRef ref="syslog" />
      </Async>
   </Appenders>
   <Loggers>
      <Logger name="XMF" additivity="TRUE" level="ALL">
         <AppenderRef ref="XMF_LOG" level="ALL" />
      </Logger>
       <Logger name="JMS" additivity="TRUE" level="ALL">
         <AppenderRef ref="JMS_LOG" level="ALL" />
      </Logger>
      <!-- Every uprr package will have specific log level -->
      <Logger name="com.uprr.lic" additivity="TRUE"  level="${app.logging.level}" />
	  <Logger name="org.springframework" additivity="TRUE"  level="${spring.logging.level}" />
	  <Logger name="org.hibernate" additivity="TRUE"  level="${hibernate.logging.level}" />
      <Root level="${default.log.level}">
      	<AppenderRef ref="file" />
         <AppenderRef ref="async" />
<!-- 		<AppenderRef ref="STDOUT" /> -->
      </Root>
   </Loggers>
</Configuration>