<tagmap>
	<tag name="header" alias="header">
	</tag>
	<tag name="headerImage" alias="headerImage">
	</tag>
	<tag name="signheader" alias="signheader">
	</tag>
	<tag name="insert" alias="insert">
	</tag>
	<tag name="footerText" alias="footerText">
	</tag>
	<tag name="leftText" alias="leftText">
	</tag>
	<tag name="centerText" alias="centerText">
	</tag>
	<tag name="rightText" alias="rightText">
	</tag>
	<tag name="footer" alias="footer">
	</tag>
	<tag name="headerImageTrans" alias="headerImageTrans">
	</tag>
</tagmap>
